url,primary_keyword,secondary_keywords,intent,cluster,status,target_title
/,premium digital marketplace india,wordpress themes plugins templates buy,transactional,A,live,Wefik.world – Premium WordPress Themes Plugins & HTML Templates
/marketplace,buy digital web products,developer templates plugins starters,transactional,A,live,Marketplace — Browse WordPress Themes Plugins & Templates | Wefik.world
/pricing,all access membership wordpress,monthly vs lifetime theme subscription,commercial,A,live,Pricing – All-Access Membership (Monthly & Lifetime) | Wefik.world
/bundles,wordpress theme bundle deals,agency template bundles india,transactional,A,live,Super Bundles — Save up to 60% on Curated Product Packs | Wefik.world
/freebies,free digital products for developers,free wordpress themes plugins download,free,C,live,Freebies — Free WordPress Themes Plugins & Templates | Wefik.world
/about,wefik agency digital products,who is wefik world,informational,D,live,About Wefik.world — The Engineering-First Digital Marketplace | Wefik.world
/faqs,wefik world frequent questions,digital marketplace faq licenses,informational,D,live,Frequently Asked Questions — Licenses Billing & Support | Wefik.world
/licensing,commercial web license terms,single vs unlimited site license wordpress,informational,D,live,Licensing Terms — Single-Site vs Unlimited-Site Rights | Wefik.world
/wordpress-themes/,buy wordpress theme,premium wordpress themes 2026; responsive wp themes,transactional,A,planned,Premium WordPress Themes – Production-Ready Designs for 2026 | Wefik.world
/wordpress-plugins/,buy wordpress plugin,premium wordpress plugins india; lightweight plugins,transactional,A,planned,Premium WordPress Plugins – Fast Secure & Clean Code | Wefik.world
/html-templates/,html templates buy,responsive html website templates; tailwind templates,transactional,A,planned,Modern HTML Templates – High-Converting Responsive Code | Wefik.world
/code-snippets/,web development code snippets,production ready php javascript starters,transactional,A,planned,Curated Code Snippets & Starters – Clean Verified Code | Wefik.world
/wordpress-themes/for-agencies/,wordpress themes for agencies,agency portfolio wordpress theme; client website themes,transactional,A,planned,Agency WordPress Themes — Build Client Sites in Record Time | Wefik.world
/wordpress-themes/for-restaurants/,wordpress theme for restaurant under 1000,food menu wordpress theme; cafe website template,transactional,A,planned,Restaurant WordPress Themes — Fast Menus & Online Orders | Wefik.world
/wordpress-themes/for-portfolios/,freelancer portfolio wordpress theme,creative portfolio theme; designer resume site,transactional,A,planned,Portfolio WordPress Themes — Showcase Your Creative Work | Wefik.world
/wordpress-themes/for-ecommerce/,lightweight ecommerce wordpress theme,fast woocommerce theme; shop templates,transactional,A,planned,E-Commerce WordPress Themes — High Conversion Minimal Bloat | Wefik.world
/wordpress-plugins/for-security/,essential wordpress security plugin,malware protection wordpress; login hardening,transactional,A,planned,Security Plugins for WordPress — Zero-Bloat Protection | Wefik.world
/wordpress-plugins/for-speed/,wordpress speed optimization plugin,core web vitals booster; lightweight cache,transactional,A,planned,Speed Optimization Plugins — 100 PageSpeed Performance | Wefik.world
/wordpress-plugins/for-lead-gen/,lead generation wordpress plugin,popup builder without bloat; form capture,transactional,A,planned,Lead Generation Plugins — Convert Visitors Without Slowing Down | Wefik.world
/wordpress-plugins/for-seo/,seo metadata wordpress plugin,lightweight yoast alternative; schema markup,transactional,A,planned,SEO Plugins for WordPress — Automated Schema & Fast Meta | Wefik.world
/html-templates/for-agencies/,agency html website template,digital agency html5 template; bootstrap agency site,transactional,A,planned,Agency HTML Templates — Clean Responsive Templates | Wefik.world
/html-templates/for-saas/,saas landing page html template,software marketing html template; waitlist template,transactional,A,planned,SaaS Landing Page HTML Templates — Convert High-Intent Traffic | Wefik.world
/html-templates/for-portfolios/,developer portfolio html template,minimalist developer cv html; github showcase,transactional,A,planned,Developer Portfolio HTML Templates — Modern Minimalist Code | Wefik.world
/html-templates/for-dashboards/,bootstrap admin dashboard template,tailwind admin dashboard html; metrics portal,transactional,A,planned,Admin Dashboard HTML Templates — Fast Responsive Panels | Wefik.world
/alternatives/elementor/,elementor alternative,cheaper faster elementor alternative; lightweight page builder,commercial,B,planned,Elementor Alternatives: Faster Cheaper Options (2026) | Wefik.world
/alternatives/astra/,astra theme alternative,clean lightweight astra alternative; fast multi purpose theme,commercial,B,planned,Astra Theme Alternatives: Lightweight High-Performance Themes | Wefik.world
/alternatives/yoast/,yoast alternative,bloat-free yoast seo alternative; fast wordpress seo,commercial,B,planned,Yoast SEO Alternatives: Lightweight Schema & Meta Solutions | Wefik.world
/alternatives/wpforms/,wpforms alternative,clean contact form plugin; cheaper wpforms alternative,commercial,B,planned,WPForms Alternatives: Modern Form Builders Without Subscriptions | Wefik.world
/alternatives/divi/,divi theme alternative,faster divi alternative; clean agency theme,commercial,B,planned,Divi Alternatives: Bloat-Free Themes That Score 95+ on Mobile | Wefik.world
/alternatives/slider-revolution/,slider revolution alternative,css only slider wordpress; lightweight hero banner,commercial,B,planned,Slider Revolution Alternatives: CSS-First Lightweight Banners | Wefik.world
/alternatives/woocommerce-extensions/,woocommerce extensions alternative,single payment woocommerce add-ons; shop features,commercial,B,planned,WooCommerce Add-On Alternatives: No Annual Recurring Fees | Wefik.world
/alternatives/themeforest/,themeforest alternative,best place to buy wordpress themes; direct creator marketplace,commercial,B,planned,ThemeForest Alternatives: Why Buying Direct Saves Money & Headaches | Wefik.world
/alternatives/tailwind-ui/,tailwind ui alternative,curated tailwind components buy; production ready starters,commercial,B,planned,Tailwind UI Alternatives: Complete Full-Page Templates & Kits | Wefik.world
/alternatives/envato-elements/,envato elements alternative,single license digital marketplace; unlimited site bundle,commercial,B,planned,Envato Elements Alternatives: Clean Code Without Endless Subscriptions | Wefik.world
/compare/zenith-vs-astra/,zenith vs astra,zenith theme speed vs astra; agency theme comparison,commercial,B,planned,Zenith Agency vs Astra Theme — Speed Pricing & Code Comparison | Wefik.world
/compare/agency-pro-vs-divi/,agency pro vs divi,clean code vs divi builder; page speed comparison,commercial,B,planned,Agency Pro vs Divi — Clean Semantics vs Visual Builder Bloat | Wefik.world
/compare/hyper-cache-vs-wp-rocket/,hyper cache vs wp rocket,lightweight caching vs wp rocket; speed plugin benchmark,commercial,B,planned,HyperCache vs WP Rocket — Performance Benchmarks & Value | Wefik.world
/compare/apex-forms-vs-wpforms/,apex forms vs wpforms,standalone contact form vs wpforms annual,commercial,B,planned,Apex Forms vs WPForms — Features Pricing & Activation Limits | Wefik.world
/compare/wefik-world-vs-themeforest/,wefik world vs themeforest,why buy from wefik world; direct marketplace comparison,commercial,B,planned,Wefik.world vs ThemeForest — Transparent Pricing & Unlimited Licenses | Wefik.world
/themeforest-alternative,themeforest alternative india,transparent pricing wordpress marketplace; upi payment themes,commercial,B,planned,The ThemeForest Alternative for Modern Agencies & Creators | Wefik.world
/free/wordpress-themes/,free wordpress themes,clean free wordpress themes download; no bloat free wp theme,free,C,planned,Free WordPress Themes — 100% Free Agency-Grade Themes | Wefik.world
/free/wordpress-plugins/,free wordpress plugins,free utility wordpress plugins; open source wp plugins,free,C,planned,Free WordPress Plugins — Reliable Lightweight Tools | Wefik.world
/free/html-templates/,free html templates,free responsive html5 templates; landing page html free,free,C,planned,Free HTML Templates — Clean Responsive Templates with Zero Cost | Wefik.world
/free/code-snippets/,free code snippets,production ready web snippets; tailwind css snippets free,free,C,planned,Free Code Snippets — Production-Ready Components & Scripts | Wefik.world
/collections/best-wordpress-themes-under-1000/,wordpress themes under 1000,budget wordpress themes india; affordable wp themes,transactional,A,planned,Best WordPress Themes Under ₹1000 (2026 Edition) | Wefik.world
/collections/fastest-html-landing-page-templates/,fastest html landing page templates,lightweight high speed landing pages; 100 performance templates,transactional,A,planned,Fastest HTML Landing Page Templates — 100 Mobile Score | Wefik.world
/collections/essential-wordpress-plugins-for-agencies/,essential wordpress plugins for agencies,agency plugin toolkit; client website plugins,transactional,A,planned,Essential WordPress Plugins for Agencies — The Complete 2026 Stack | Wefik.world
/collections/responsive-bootstrap-admin-templates/,responsive bootstrap admin templates,modern bootstrap dashboard ui; clean admin portal,transactional,A,planned,Responsive Bootstrap Admin Templates — Clean Fast & Modular | Wefik.world
/collections/minimalist-developer-portfolio-templates/,minimalist developer portfolio templates,clean portfolio template for engineers; github showcase template,transactional,A,planned,Minimalist Developer Portfolio Templates — Clean Code First | Wefik.world
/collections/all-access-bundle-deals-2026/,wordpress theme bundle deal,all in one digital product bundle; agency starter pack,transactional,A,planned,Curated Bundle Deals — Get All Products at up to 60% Off | Wefik.world
/glossary/what-is-a-wordpress-child-theme/,what is a wordpress child theme,why use child theme; how child themes work,informational,D,planned,What is a WordPress Child Theme? Complete Beginner's Guide | Wefik.world
/glossary/what-is-gpl-license-wordpress/,what is gpl license wordpress,gnu general public license wordpress themes,informational,D,planned,What is the GPL License in WordPress? Rights & Responsibilities | Wefik.world
/glossary/wordpress-theme-vs-template/,wordpress theme vs template,difference between theme and template in wordpress,informational,D,planned,WordPress Theme vs Template: Key Differences Explained | Wefik.world
/glossary/what-is-headless-wordpress/,what is headless wordpress,decoupled wordpress architecture nextjs,informational,D,planned,What is Headless WordPress? Architecture Benefits & Drawbacks | Wefik.world
/glossary/what-is-a-wordpress-hook/,what is a wordpress hook,wordpress actions vs filters explained,informational,D,planned,What is a WordPress Hook? Actions & Filters Explained Simply | Wefik.world
/glossary/how-do-wordpress-shortcodes-work/,how do wordpress shortcodes work,custom shortcode wordpress php guide,informational,D,planned,How WordPress Shortcodes Work — Architecture & Best Practices | Wefik.world
/glossary/what-is-core-web-vitals/,what is core web vitals,lcp fid cls inp explained google search,informational,D,planned,What is Core Web Vitals? How to Optimize Speed & SEO | Wefik.world
/glossary/what-is-an-html-boilerplate/,what is an html boilerplate,starter html template structure,informational,D,planned,What is an HTML Boilerplate? Structure Standards & Best Practices | Wefik.world
/glossary/what-is-unlimited-site-license/,what is unlimited site license,agency license terms digital products,informational,D,planned,What is an Unlimited Site License? Commercial Usage Explained | Wefik.world
/glossary/what-is-css-purge/,what is css purge,unused css removal tailwind build speed,informational,D,planned,What is CSS Purging? Remove Unused CSS for Blazing Performance | Wefik.world
/glossary/what-is-isr-incremental-static-regeneration/,what is incremental static regeneration,nextjs isr dynamic caching explained,informational,D,planned,What is Incremental Static Regeneration (ISR)? Modern Caching | Wefik.world
/glossary/difference-between-plugin-and-theme/,difference between plugin and theme,when to use plugin vs theme wordpress,informational,D,planned,Difference Between a WordPress Plugin and Theme Explained | Wefik.world
/glossary/what-is-schema-markup/,what is schema markup,json ld structured data rich snippets,informational,D,planned,What is Schema Markup? How Structured Data Improves SEO Rankings | Wefik.world
/glossary/what-is-ttfb-time-to-first-byte/,what is time to first byte,how to reduce ttfb server response,informational,D,planned,What is Time to First Byte (TTFB)? Benchmarks & Optimization | Wefik.world
/glossary/what-is-a-rest-api-in-wordpress/,what is a rest api in wordpress,wp json endpoints headless developers,informational,D,planned,What is the WordPress REST API? Architecture & Practical Use | Wefik.world
/glossary/what-is-a-landing-page-conversion-rate/,what is a landing page conversion rate,average website conversion benchmarks,informational,D,planned,What is a Landing Page Conversion Rate? Formula & Optimization | Wefik.world
/glossary/what-is-cross-site-scripting-xss/,what is cross site scripting,xss prevention in php and javascript,informational,D,planned,What is Cross-Site Scripting (XSS)? WordPress Security Guide | Wefik.world
/glossary/what-is-a-staging-environment/,what is a staging environment,testing website changes safely before production,informational,D,planned,What is a Staging Environment? Safe Deployment Best Practices | Wefik.world
/glossary/what-is-dynamic-pricing-paise/,what is dynamic pricing in paise,integer currency math razorpay india,informational,D,planned,Why Financial Systems Store Prices in Paise (Integer Math) | Wefik.world
/glossary/what-is-nominative-fair-use/,what is nominative fair use,trademark comparison legal rules for software,informational,D,planned,What is Nominative Fair Use? Legal Rules for Comparison Pages | Wefik.world
/blog/the-complete-guide-to-choosing-a-wordpress-theme-2026,how to choose a wordpress theme,best wordpress theme guide 2026; choosing wp theme,informational,D,live,The Complete Guide to Choosing a WordPress Theme (2026) | Wefik.world
/blog/free-vs-premium-wordpress-themes,free vs premium wordpress themes,when to pay for wordpress theme; free theme risks,informational,D,live,Free vs Premium WordPress Themes: When to Pay & When to Save | Wefik.world
/blog/wordpress-theme-vs-template,wordpress theme vs template guide,understanding wordpress theme files vs templates,informational,D,live,WordPress Theme vs Template: The Ultimate Guide for Beginners | Wefik.world
/blog/how-to-install-a-wordpress-theme,how to install a wordpress theme,safe wordpress theme installation backup,informational,D,live,How to Install a WordPress Theme Safely Without Breaking Your Site | Wefik.world
/blog/wordpress-theme-speed-impact,how wordpress themes impact site speed,fastest wordpress theme architecture benchmark,informational,D,live,How WordPress Themes Impact Site Speed: The Hidden Costs of Bloat | Wefik.world
/blog/what-is-a-wordpress-child-theme,wordpress child themes complete guide,create child theme wordpress step by step,informational,D,live,WordPress Child Themes: Why You Need One & How to Create It | Wefik.world
/blog/what-to-check-before-buying-wordpress-theme,what to check before buying a theme,wordpress theme buyer checklist demo support,informational,D,live,What to Check Before Buying a WordPress Theme: 7 Crucial Tests | Wefik.world
/blog/wordpress-plugins-demystified/,wordpress plugins demystified,essential wordpress plugins what to skip,informational,D,planned,WordPress Plugins Demystified: What You Need & What to Skip | Wefik.world
/blog/html-templates-fast-track-custom-website/,html templates fast track custom website,static html template vs cms advantages,informational,D,planned,HTML Templates: The Fast Track to a High-Performance Custom Website | Wefik.world
